,image_url,frame_idx,probe_touching,probe_location,bounding_box,mask_idx,obj_shape_data,obj_location_data,obj_texture_data,background_texture
0,test_wave/superquadric_1/scene_000,48,False,"[330, 141]",[],0,"[1.4087591156348667, 0.7811556938272782, 1.0610248637949309]","[1.9962632733432548, 4.8739496645149725, 0.5989225140180092]","{'type': 'wave', 'params': {'Scale': 0.6666679003948663, 'Distortion': 36.45236255453901, 'Detail': 0.1643977105913954, 'Detail Scale': 0.9486858450077824, 'Detail Roughness': 0.600809654326409}}","{'type': 'wave', 'params': {'Scale': 0.6708415897857178, 'Distortion': 26.383270761290486, 'Detail': 0.5453831310183077, 'Detail Scale': 0.9928561886197637, 'Detail Roughness': 0.6510225639800684}}"
1,test_wave/superquadric_1/scene_001,44,False,"[324, 315]",[],0,"[2.6477234103001566, 2.1614402070610796, 1.076996687578426]","[-7.4918857280150135, -1.3954184570871404, -11.859210569979812]","{'type': 'wave', 'params': {'Scale': 0.4772803253418047, 'Distortion': 28.47487759484023, 'Detail': 1.8807575986819876, 'Detail Scale': 0.8702620206216247, 'Detail Roughness': 0.6395295527566767}}","{'type': 'wave', 'params': {'Scale': 0.4236233886598621, 'Distortion': 40.11905857860883, 'Detail': 1.5900141326100927, 'Detail Scale': 0.5966685678202825, 'Detail Roughness': 0.7108725195640676}}"
2,test_wave/superquadric_1/scene_002,42,False,"[441, 311]",[],0,"[2.596990982776981, 0.4858672847120717, 0.26122660199966913]","[4.278228820168873, 0.15614839071644981, 4.548677179738964]","{'type': 'wave', 'params': {'Scale': 0.6022748679901224, 'Distortion': 25.065342188301766, 'Detail': 1.9150535081629314, 'Detail Scale': 0.7176732060705588, 'Detail Roughness': 0.6805171230485152}}","{'type': 'wave', 'params': {'Scale': 0.25069717348079634, 'Distortion': 41.66497471315799, 'Detail': 1.2224853407727276, 'Detail Scale': 0.7036872406558271, 'Detail Roughness': 0.6565314364366641}}"
3,test_wave/superquadric_1/scene_003,34,False,"[205, 285]",[],0,"[1.5455528875968325, 0.6294243424332328, 1.7736700747971734]","[4.471659863119473, 6.970325014377624, 0.8963510803421599]","{'type': 'wave', 'params': {'Scale': 0.6826007576943915, 'Distortion': 29.531360326225332, 'Detail': 1.8757809462409702, 'Detail Scale': 0.6697421971964344, 'Detail Roughness': 0.6670154457814612}}","{'type': 'wave', 'params': {'Scale': 0.5649522397552809, 'Distortion': 29.65467012002448, 'Detail': 0.17798759717734947, 'Detail Scale': 0.8714960202454676, 'Detail Roughness': 0.2897630721422007}}"
4,test_wave/superquadric_1/scene_004,4,False,"[494, 263]",[],0,"[0.7284478782264935, 3.7554717465608314, 3.2788356754754497]","[-0.7018551021501441, 4.013095361075634, -6.2259172290552005]","{'type': 'wave', 'params': {'Scale': 0.2674906640977292, 'Distortion': 47.085551444037236, 'Detail': 1.6057073867636567, 'Detail Scale': 0.9507262473081631, 'Detail Roughness': 0.4063765629854512}}","{'type': 'wave', 'params': {'Scale': 0.25738237666295527, 'Distortion': 47.71139448368424, 'Detail': 1.493785897042268, 'Detail Scale': 0.8196512099773556, 'Detail Roughness': 0.6189369332063441}}"
5,test_wave/superquadric_1/scene_005,52,True,"[189, 313]","((144, 219), (263, 333))",0,"[0.7710947464552271, 2.203732582160351, 2.847221570595692]","[-6.7613105147644035, -0.04901828169995254, -4.949100026954336]","{'type': 'wave', 'params': {'Scale': 0.29636319943389994, 'Distortion': 31.62271427400809, 'Detail': 1.0314072522695379, 'Detail Scale': 0.6592573617419939, 'Detail Roughness': 0.6053209694447028}}","{'type': 'wave', 'params': {'Scale': 0.6110550880497683, 'Distortion': 42.5540026498996, 'Detail': 1.8150660819337086, 'Detail Scale': 0.6355209252659615, 'Detail Roughness': 0.268249887354707}}"
6,test_wave/superquadric_1/scene_006,60,True,"[326, 32]","((210, 0), (395, 96))",0,"[3.308169939058779, 0.055336957675269964, 0.8605588797120719]","[-2.4959784621473253, 6.664477929996693, 10.63953400836277]","{'type': 'wave', 'params': {'Scale': 0.7392942433615719, 'Distortion': 35.878771527643885, 'Detail': 1.58666567812011, 'Detail Scale': 0.6221391436975415, 'Detail Roughness': 0.5496250238416066}}","{'type': 'wave', 'params': {'Scale': 0.31842962605473357, 'Distortion': 27.745952726918098, 'Detail': 1.8865734190407717, 'Detail Scale': 0.5465091161442145, 'Detail Roughness': 0.5909524926217853}}"
7,test_wave/superquadric_1/scene_007,59,True,"[400, 291]","((374, 115), (511, 345))",0,"[0.12472241391699787, 2.467103889980276, 3.7079512356716076]","[10.647642362921385, 14.154300062228456, -0.5343068945750624]","{'type': 'wave', 'params': {'Scale': 0.5963802041882535, 'Distortion': 33.923326487468685, 'Detail': 1.782246714536049, 'Detail Scale': 0.8322786177589128, 'Detail Roughness': 0.44400402370327013}}","{'type': 'wave', 'params': {'Scale': 0.3507869887453132, 'Distortion': 26.72650635797712, 'Detail': 1.3393095081618656, 'Detail Scale': 0.6725802833482796, 'Detail Roughness': 0.5635006306937466}}"
8,test_wave/superquadric_1/scene_008,63,True,"[286, 352]","((224, 263), (361, 379))",0,"[2.5443493080514505, 1.0491335052517612, 0.20297757646466116]","[2.467683792114257, -0.019988594576716, -4.294471740722657]","{'type': 'wave', 'params': {'Scale': 0.7068555469369295, 'Distortion': 45.19389555470667, 'Detail': 1.0508819478794353, 'Detail Scale': 0.8356670694968009, 'Detail Roughness': 0.44970514775477494}}","{'type': 'wave', 'params': {'Scale': 0.6252410740872657, 'Distortion': 33.321751949538196, 'Detail': 1.5901604566960534, 'Detail Scale': 0.5446857987088469, 'Detail Roughness': 0.3172863580690188}}"
9,test_wave/superquadric_1/scene_009,35,True,"[290, 110]","((244, 67), (329, 172))",0,"[3.9325200325501077, 3.455695848684993, 3.8627445035148904]","[-4.301089247741667, 5.574614104381986, 5.613587769169509]","{'type': 'wave', 'params': {'Scale': 0.44926436157003136, 'Distortion': 41.619465115790575, 'Detail': 0.7484968552932336, 'Detail Scale': 0.9254943461685892, 'Detail Roughness': 0.29796448704995715}}","{'type': 'wave', 'params': {'Scale': 0.5395654352985516, 'Distortion': 45.0212236122953, 'Detail': 0.8277976233623727, 'Detail Scale': 0.9920478783061555, 'Detail Roughness': 0.4457309076514734}}"
10,test_wave/superquadric_2/scene_000,53,False,"[445, 477]",[],0,"[3.6676780173623453, 2.19661245172072, 3.393734728849646]","[-5.614613454727482, 0.6128777895713814, 5.981444399906246]","{'type': 'wave', 'params': {'Scale': 0.6004991650542866, 'Distortion': 26.356198373428104, 'Detail': 1.7917376347464065, 'Detail Scale': 0.5505893022825391, 'Detail Roughness': 0.4281743888072051}}","{'type': 'wave', 'params': {'Scale': 0.6104529819069209, 'Distortion': 33.51552138389218, 'Detail': 1.0159473278010773, 'Detail Scale': 0.8902268217125036, 'Detail Roughness': 0.5300613562586458}}"
11,test_wave/superquadric_2/scene_001,10,False,"[357, 98]",[],0,"[1.6408027837720967, 0.8703353732189821, 2.003744117956268]","[-2.9535013248685105, 4.108617912293818, 7.246802412317166]","{'type': 'wave', 'params': {'Scale': 0.43990761818000346, 'Distortion': 43.24283300513703, 'Detail': 0.19287255344707566, 'Detail Scale': 0.7053677553714648, 'Detail Roughness': 0.46853202547472445}}","{'type': 'wave', 'params': {'Scale': 0.626283392051439, 'Distortion': 39.54061640092724, 'Detail': 0.6865400094649159, 'Detail Scale': 0.5773094559238676, 'Detail Roughness': 0.27958669351480925}}"
12,test_wave/superquadric_2/scene_002,8,False,"[57, 456]",[],0,"[2.678105817058707, 2.6074530553494397, 2.6273666006102316]","[-1.517111600640646, 0.04509243216202248, 4.728736043269036]","{'type': 'wave', 'params': {'Scale': 0.6049523294462303, 'Distortion': 37.23677940241484, 'Detail': 0.5529490497696623, 'Detail Scale': 0.9637522115201902, 'Detail Roughness': 0.5003272634864908}}","{'type': 'wave', 'params': {'Scale': 0.6745717022473685, 'Distortion': 26.70507559893829, 'Detail': 1.8235135563807174, 'Detail Scale': 0.8358193556067933, 'Detail Roughness': 0.6174203436493463}}"
13,test_wave/superquadric_2/scene_003,37,False,"[374, 474]",[],0,"[0.22417048860193275, 0.024626758043266764, 2.3611965779233652]","[-4.295415295797031, -2.3718656458982696, 7.282257067416682]","{'type': 'wave', 'params': {'Scale': 0.3843593038333951, 'Distortion': 46.55762086046214, 'Detail': 0.349916851852359, 'Detail Scale': 0.7942454255311708, 'Detail Roughness': 0.3558351260033769}}","{'type': 'wave', 'params': {'Scale': 0.5558475395254112, 'Distortion': 49.35136560728178, 'Detail': 1.8972942922077207, 'Detail Scale': 0.5355286285479859, 'Detail Roughness': 0.5990723531692695}}"
14,test_wave/superquadric_2/scene_004,5,False,"[486, 216]",[],0,"[1.191190024216304, 3.750175499529614, 0.10199337259847542]","[3.4765262030253647, -11.038318134275938, 4.909741644089277]","{'type': 'wave', 'params': {'Scale': 0.25950292587717566, 'Distortion': 44.59312748136007, 'Detail': 0.11518739525145327, 'Detail Scale': 0.7884226268831438, 'Detail Roughness': 0.25503877747845777}}","{'type': 'wave', 'params': {'Scale': 0.3232086671482459, 'Distortion': 31.848169013634237, 'Detail': 0.23364456719658588, 'Detail Scale': 0.722179603536848, 'Detail Roughness': 0.28402300735719477}}"
15,test_wave/superquadric_2/scene_005,61,True,"[196, 237]","((177, 160), (259, 249))",0,"[1.7680945449136514, 2.045068863758526, 3.027789945888673]","[-7.344294824939455, 3.4885135762634283, -0.12012835023669229]","{'type': 'wave', 'params': {'Scale': 0.340838841094475, 'Distortion': 37.80618567170481, 'Detail': 0.9457936852664837, 'Detail Scale': 0.8634714842173835, 'Detail Roughness': 0.6477446061674622}}","{'type': 'wave', 'params': {'Scale': 0.4014915889656337, 'Distortion': 42.6066455679572, 'Detail': 1.3878628615683488, 'Detail Scale': 0.8995542484376586, 'Detail Roughness': 0.30093697820469867}}"
16,test_wave/superquadric_2/scene_006,38,True,"[227, 272]","((170, 184), (303, 299))",0,"[2.7781296933223083, 3.063787475787219, 1.7904167408162568]","[1.5442688757260412, -4.048678077379413, 1.9819030857845223]","{'type': 'wave', 'params': {'Scale': 0.4821548428347326, 'Distortion': 42.84398938609067, 'Detail': 0.6276746701135743, 'Detail Scale': 0.7717725807810663, 'Detail Roughness': 0.7201158699209307}}","{'type': 'wave', 'params': {'Scale': 0.42711987589986006, 'Distortion': 31.87809111060905, 'Detail': 0.4339699367171197, 'Detail Scale': 0.9646537666952676, 'Detail Roughness': 0.6943635341498358}}"
17,test_wave/superquadric_2/scene_007,17,True,"[339, 187]","((163, 0), (511, 355))",1,"[0.692818270493562, 2.532624751046716, 1.5635193382143695]","[6.464178008267138, 0.60701455213183, 7.266480387559217]","{'type': 'wave', 'params': {'Scale': 0.7349110352008935, 'Distortion': 30.091274656917467, 'Detail': 0.6850280686898693, 'Detail Scale': 0.5129656733493315, 'Detail Roughness': 0.49140890160661227}}","{'type': 'wave', 'params': {'Scale': 0.5693708953646002, 'Distortion': 29.513272634580165, 'Detail': 0.4952528375663765, 'Detail Scale': 0.5433975966219124, 'Detail Roughness': 0.5569331593825744}}"
18,test_wave/superquadric_2/scene_008,20,True,"[248, 400]","((97, 52), (378, 419))",1,"[1.7697741370672448, 2.3042988083274945, 3.7636887453548273]","[-0.11214439354816241, -0.11198255789998816, -0.08378594384830848]","{'type': 'wave', 'params': {'Scale': 0.3291702664703056, 'Distortion': 37.203562532200195, 'Detail': 0.43260807997835227, 'Detail Scale': 0.5316726402577416, 'Detail Roughness': 0.2853405340869459}}","{'type': 'wave', 'params': {'Scale': 0.7249463029980352, 'Distortion': 40.8147763079, 'Detail': 0.0918530991638935, 'Detail Scale': 0.9174292006663292, 'Detail Roughness': 0.5805845313174229}}"
19,test_wave/superquadric_2/scene_009,14,True,"[299, 174]","((0, 88), (372, 370))",0,"[2.733029391541942, 2.2011405263587904, 2.7715507407850786]","[1.0663652792018459, -6.946260667136502, 3.445255376060516]","{'type': 'wave', 'params': {'Scale': 0.3592649917547635, 'Distortion': 36.03715414050419, 'Detail': 1.207281015819719, 'Detail Scale': 0.6953273710753896, 'Detail Roughness': 0.7275708857541404}}","{'type': 'wave', 'params': {'Scale': 0.4536724193720239, 'Distortion': 41.9012733943063, 'Detail': 1.1022361070277418, 'Detail Scale': 0.8544159876472852, 'Detail Roughness': 0.5855203492277155}}"
20,test_wave/superquadric_3/scene_000,54,False,"[245, 359]",[],0,"[3.1827513675507006, 0.590243024128566, 1.4815340220947881]","[1.7169824111347576, -2.453927767048409, -4.289178711156762]","{'type': 'wave', 'params': {'Scale': 0.7071322557537995, 'Distortion': 39.10080692579509, 'Detail': 1.9185988332594262, 'Detail Scale': 0.7514870816879435, 'Detail Roughness': 0.4065719187463135}}","{'type': 'wave', 'params': {'Scale': 0.31717467046400366, 'Distortion': 43.98899144472675, 'Detail': 1.0645449234575426, 'Detail Scale': 0.8785752254845436, 'Detail Roughness': 0.6715679005910604}}"
21,test_wave/superquadric_3/scene_001,21,False,"[437, 502]",[],0,"[0.4712199113427345, 2.868804263674311, 2.66410369821501]","[-10.23079140885027, -2.5326139692634064, -7.301413396650845]","{'type': 'wave', 'params': {'Scale': 0.3993944211203177, 'Distortion': 48.53646998575426, 'Detail': 1.3707122843629367, 'Detail Scale': 0.5624346828740601, 'Detail Roughness': 0.7152960910966843}}","{'type': 'wave', 'params': {'Scale': 0.4666987983656385, 'Distortion': 30.541540398794062, 'Detail': 0.5234630638298359, 'Detail Scale': 0.9354300780943587, 'Detail Roughness': 0.34923414375337153}}"
22,test_wave/superquadric_3/scene_002,50,False,"[60, 341]",[],0,"[3.0344949215846833, 2.2279528781078564, 2.6032104261138667]","[-3.8127214185951757, 3.0538822003797588, -2.142464449632224]","{'type': 'wave', 'params': {'Scale': 0.5312566115849612, 'Distortion': 29.899200327063497, 'Detail': 0.4686188616490181, 'Detail Scale': 0.6272643681309339, 'Detail Roughness': 0.48910998158103086}}","{'type': 'wave', 'params': {'Scale': 0.389380977255322, 'Distortion': 45.48303840012675, 'Detail': 1.8979769311685466, 'Detail Scale': 0.8545408950020181, 'Detail Roughness': 0.6777493555653017}}"
23,test_wave/superquadric_3/scene_003,6,False,"[403, 379]",[],0,"[3.811678734192068, 1.5819275603968193, 3.972442678731964]","[4.351738789117022, 5.408939394384015, 7.399832184177988]","{'type': 'wave', 'params': {'Scale': 0.4722254701674928, 'Distortion': 45.554917427022545, 'Detail': 1.716351044493162, 'Detail Scale': 0.9986261305042516, 'Detail Roughness': 0.39955764767928276}}","{'type': 'wave', 'params': {'Scale': 0.42193099836952475, 'Distortion': 26.216487817960775, 'Detail': 1.5175522880577874, 'Detail Scale': 0.5003962165584708, 'Detail Roughness': 0.44638138776687003}}"
24,test_wave/superquadric_3/scene_004,3,False,"[376, 196]",[],0,"[0.7182310969669089, 1.0074334661228352, 0.9329244089897739]","[-4.118029257340814, -3.5287267504366566, -4.3654293439785326]","{'type': 'wave', 'params': {'Scale': 0.6542495783384754, 'Distortion': 26.48048807271896, 'Detail': 0.6652405796734695, 'Detail Scale': 0.619325914408956, 'Detail Roughness': 0.6065996943202578}}","{'type': 'wave', 'params': {'Scale': 0.607816706281918, 'Distortion': 44.61386547893229, 'Detail': 0.2821099968025722, 'Detail Scale': 0.5869215724426537, 'Detail Roughness': 0.3974847992257104}}"
25,test_wave/superquadric_3/scene_005,13,True,"[163, 258]","((114, 227), (195, 293))",2,"[2.1388301643180982, 0.9341522103581265, 3.5839920159954257]","[-11.927941207523322, -1.0332324852356345, -4.2133880339823415]","{'type': 'wave', 'params': {'Scale': 0.5694754928986379, 'Distortion': 31.093795429965375, 'Detail': 0.3951765681099144, 'Detail Scale': 0.97269888005856, 'Detail Roughness': 0.7143688035813158}}","{'type': 'wave', 'params': {'Scale': 0.578785740427835, 'Distortion': 27.765016134812054, 'Detail': 0.626748047811079, 'Detail Scale': 0.94700590863367, 'Detail Roughness': 0.7348500799641913}}"
26,test_wave/superquadric_3/scene_006,32,True,"[18, 273]","((0, 166), (229, 364))",1,"[3.776111654914357, 2.1432648116192747, 2.2272192919213722]","[-6.784938719805297, -6.65202241221761, -0.3353430882664741]","{'type': 'wave', 'params': {'Scale': 0.27370043248552345, 'Distortion': 48.1117710086538, 'Detail': 1.2729356252294495, 'Detail Scale': 0.980446321648849, 'Detail Roughness': 0.4952666651340624}}","{'type': 'wave', 'params': {'Scale': 0.63289799186601, 'Distortion': 43.30227487456318, 'Detail': 0.004077941449228684, 'Detail Scale': 0.9913580835866859, 'Detail Roughness': 0.5251257013429609}}"
27,test_wave/superquadric_3/scene_007,32,True,"[271, 170]","((204, 122), (290, 204))",0,"[1.365003622761631, 0.2163910778537823, 0.9967907759164107]","[-7.32333187284847, 4.227420425061245, 2.653475599551649]","{'type': 'wave', 'params': {'Scale': 0.4389064048595272, 'Distortion': 27.337329166693145, 'Detail': 1.433409295700294, 'Detail Scale': 0.8005661307932814, 'Detail Roughness': 0.6915991514302611}}","{'type': 'wave', 'params': {'Scale': 0.3132205318350409, 'Distortion': 42.61162071948662, 'Detail': 1.743650540964099, 'Detail Scale': 0.5108019298648124, 'Detail Roughness': 0.46917930814101727}}"
28,test_wave/superquadric_3/scene_008,24,True,"[132, 353]","((108, 324), (200, 427))",1,"[3.2702079592983053, 1.5645836311767838, 0.15099549659685657]","[-3.0367734590012767, -6.383526432775744, -6.838614805605883]","{'type': 'wave', 'params': {'Scale': 0.7123820276576069, 'Distortion': 34.883188527430256, 'Detail': 1.3978247389441814, 'Detail Scale': 0.964638030859617, 'Detail Roughness': 0.48479422701237573}}","{'type': 'wave', 'params': {'Scale': 0.7411796636440842, 'Distortion': 26.082135871843658, 'Detail': 0.3884186648496748, 'Detail Scale': 0.926203552754725, 'Detail Roughness': 0.3030603926389394}}"
29,test_wave/superquadric_3/scene_009,18,True,"[358, 267]","((323, 214), (400, 297))",1,"[0.8526622039455812, 3.529259548170683, 0.9616203843661342]","[-1.174280255927231, 10.083745419129219, -3.9249733512027727]","{'type': 'wave', 'params': {'Scale': 0.538542034170315, 'Distortion': 30.53127762572697, 'Detail': 1.6084058652394062, 'Detail Scale': 0.8721509262752827, 'Detail Roughness': 0.3586323079100465}}","{'type': 'wave', 'params': {'Scale': 0.668834500770641, 'Distortion': 40.35673394793272, 'Detail': 0.40731312807036213, 'Detail Scale': 0.6245049301308638, 'Detail Roughness': 0.3409710211250431}}"
30,test_wave/superquadric_4/scene_000,52,False,"[287, 344]",[],0,"[3.22764906320449, 3.4891254798043803, 1.1862861822638762]","[-6.291794945393786, 0.23826563662036315, -3.5906506011710726]","{'type': 'wave', 'params': {'Scale': 0.6353301801611879, 'Distortion': 38.30254505847317, 'Detail': 0.8964213731953397, 'Detail Scale': 0.9802489239481795, 'Detail Roughness': 0.6367642291806288}}","{'type': 'wave', 'params': {'Scale': 0.6512314072710448, 'Distortion': 49.7910445459394, 'Detail': 0.02684422062232361, 'Detail Scale': 0.7125129437589055, 'Detail Roughness': 0.6244360201764015}}"
31,test_wave/superquadric_4/scene_001,49,False,"[400, 360]",[],0,"[0.24063521557245723, 0.8949992624743306, 3.558185344007299]","[-4.550592209276243, -7.6662925464231035, 3.0712995037313586]","{'type': 'wave', 'params': {'Scale': 0.3722715071364348, 'Distortion': 40.59644839366156, 'Detail': 1.9878696451604925, 'Detail Scale': 0.8671983418935356, 'Detail Roughness': 0.5013576645618685}}","{'type': 'wave', 'params': {'Scale': 0.5888503289352904, 'Distortion': 40.666016136254065, 'Detail': 1.4278203920621613, 'Detail Scale': 0.6152644643200258, 'Detail Roughness': 0.5320935720680893}}"
32,test_wave/superquadric_4/scene_002,48,False,"[123, 511]",[],0,"[0.5947097647025489, 2.3111115625153045, 1.4097398845598097]","[-7.431371229752868, -4.59597460419438, 16.384546165877445]","{'type': 'wave', 'params': {'Scale': 0.34304577417254095, 'Distortion': 49.811937967174494, 'Detail': 1.6342421131360767, 'Detail Scale': 0.7872658810861348, 'Detail Roughness': 0.6713160865380619}}","{'type': 'wave', 'params': {'Scale': 0.605434486737561, 'Distortion': 44.512078924143694, 'Detail': 0.9389227613659248, 'Detail Scale': 0.722090985789462, 'Detail Roughness': 0.64509731792659}}"
33,test_wave/superquadric_4/scene_003,44,False,"[62, 301]",[],0,"[0.34935183029062694, 1.1995289587873428, 2.1253681770145816]","[-5.129613922406532, 7.21459300426681, -4.118134148472296]","{'type': 'wave', 'params': {'Scale': 0.7258535198859, 'Distortion': 25.21521217974553, 'Detail': 1.5928133451732291, 'Detail Scale': 0.7543082530681959, 'Detail Roughness': 0.511994848764674}}","{'type': 'wave', 'params': {'Scale': 0.6496585279492156, 'Distortion': 31.28906643540312, 'Detail': 0.008335935073373824, 'Detail Scale': 0.5827715958185014, 'Detail Roughness': 0.436102957760991}}"
34,test_wave/superquadric_4/scene_004,56,False,"[204, 501]",[],0,"[1.910279269250258, 0.724060075726929, 3.4059997294106514]","[-4.017521993496619, 12.699682370830866, -2.4010694313941805]","{'type': 'wave', 'params': {'Scale': 0.6065316294317322, 'Distortion': 46.15629381359287, 'Detail': 0.8465835169614562, 'Detail Scale': 0.6125472169815521, 'Detail Roughness': 0.397913534754903}}","{'type': 'wave', 'params': {'Scale': 0.3100824390205001, 'Distortion': 31.116747186551486, 'Detail': 0.5449904025991767, 'Detail Scale': 0.7171640729118159, 'Detail Roughness': 0.6826354733920634}}"
35,test_wave/superquadric_4/scene_005,60,True,"[294, 196]","((260, 180), (365, 251))",3,"[3.4247842357792404, 2.567586347935074, 0.6691882925196211]","[-9.48798423060391, 14.799036489399635, -3.1312520032574955]","{'type': 'wave', 'params': {'Scale': 0.3578536650021689, 'Distortion': 32.307083756256596, 'Detail': 1.5668580792837103, 'Detail Scale': 0.7073081462195253, 'Detail Roughness': 0.5425357787734657}}","{'type': 'wave', 'params': {'Scale': 0.3636522426955438, 'Distortion': 36.24300436680799, 'Detail': 1.3515324867012186, 'Detail Scale': 0.8434730457546546, 'Detail Roughness': 0.320832964637846}}"
36,test_wave/superquadric_4/scene_006,13,True,"[213, 303]","((200, 244), (262, 310))",2,"[2.311205482585071, 1.044983640846342, 2.6903734822533867]","[15.922469893020313, -2.244326538966101, -10.401584239366453]","{'type': 'wave', 'params': {'Scale': 0.28501105071989, 'Distortion': 40.7198132108296, 'Detail': 0.21333254317200923, 'Detail Scale': 0.6802270374919897, 'Detail Roughness': 0.5106435525662081}}","{'type': 'wave', 'params': {'Scale': 0.6145932110494896, 'Distortion': 27.43789238977884, 'Detail': 1.546540114801536, 'Detail Scale': 0.5742718700831437, 'Detail Roughness': 0.5048464497850385}}"
37,test_wave/superquadric_4/scene_007,52,True,"[215, 474]","((202, 426), (260, 506))",0,"[3.156096420202752, 0.06357932836569864, 1.7987869269235632]","[0.8302871274735779, -4.720209259889881, -13.697267242329453]","{'type': 'wave', 'params': {'Scale': 0.3963952011101526, 'Distortion': 42.71917042748173, 'Detail': 1.5817789158016757, 'Detail Scale': 0.8467727121271176, 'Detail Roughness': 0.5482106846470034}}","{'type': 'wave', 'params': {'Scale': 0.3715209370753013, 'Distortion': 27.841131100048997, 'Detail': 0.7028268177325121, 'Detail Scale': 0.7473402230064115, 'Detail Roughness': 0.39830126114305925}}"
38,test_wave/superquadric_4/scene_008,2,True,"[205, 121]","((160, 96), (236, 176))",1,"[2.9495293582892272, 0.6879924871483364, 2.4486765481946113]","[0.9030340369876804, -18.540101022627073, 3.996257881668461]","{'type': 'wave', 'params': {'Scale': 0.29052069556311794, 'Distortion': 40.383626364670256, 'Detail': 1.3911599101106564, 'Detail Scale': 0.9838185106987873, 'Detail Roughness': 0.33835785580353883}}","{'type': 'wave', 'params': {'Scale': 0.6931243250556347, 'Distortion': 27.22747661679569, 'Detail': 1.566843619850228, 'Detail Scale': 0.6794357830924138, 'Detail Roughness': 0.6837434598473937}}"
39,test_wave/superquadric_4/scene_009,5,True,"[211, 135]","((153, 121), (349, 215))",0,"[0.06676228352712169, 2.3458488697202564, 3.550133118357386]","[-0.7502570983205661, -1.4842483385297216, 4.2750453561097705]","{'type': 'wave', 'params': {'Scale': 0.27641467201526987, 'Distortion': 31.872992819805297, 'Detail': 1.6715381101809004, 'Detail Scale': 0.5816100157441609, 'Detail Roughness': 0.7119774119071602}}","{'type': 'wave', 'params': {'Scale': 0.3095241315070476, 'Distortion': 28.183925523078592, 'Detail': 0.905182637889107, 'Detail Scale': 0.6030591072842706, 'Detail Roughness': 0.3651487572888322}}"
40,test_voronoi/superquadric_1/scene_000,12,False,"[53, 459]",[],0,"[3.7999515846823027, 3.8798098626840254, 1.420622309681633]","[-2.820084282300174, -3.630133507060271, -2.4550018597037004]","{'type': 'voronoi', 'params': {'Scale': 0.5640130901236203, 'Randomness': 0.9787032836140621}}","{'type': 'voronoi', 'params': {'Scale': 0.8048453601848817, 'Randomness': 0.9930763249082326}}"
41,test_voronoi/superquadric_1/scene_001,46,False,"[329, 287]",[],0,"[3.3890922841828997, 0.847105154097118, 1.0022779898021728]","[-10.834796254030396, 3.8499926114056, 2.011111214318545]","{'type': 'voronoi', 'params': {'Scale': 0.3666806689657822, 'Randomness': 0.9471771968899412}}","{'type': 'voronoi', 'params': {'Scale': 0.5740810226355677, 'Randomness': 0.9891131151998549}}"
42,test_voronoi/superquadric_1/scene_002,47,False,"[280, 246]",[],0,"[2.924762916184597, 3.330682762717349, 2.0145945656226467]","[0.5704937149868204, 10.305989949249295, 2.6942588552358093]","{'type': 'voronoi', 'params': {'Scale': 0.6171455572274667, 'Randomness': 0.9899038756116822}}","{'type': 'voronoi', 'params': {'Scale': 0.33568542880342456, 'Randomness': 0.9086416682106994}}"
43,test_voronoi/superquadric_1/scene_003,36,False,"[312, 297]",[],0,"[0.7353116128867958, 1.0194624925522253, 0.2828721024376339]","[0.6307443953529376, -5.637006051671142, 3.026680113276395]","{'type': 'voronoi', 'params': {'Scale': 0.8472594119773522, 'Randomness': 0.9518602248150048}}","{'type': 'voronoi', 'params': {'Scale': 0.9068110880966345, 'Randomness': 0.9145897444009355}}"
44,test_voronoi/superquadric_1/scene_004,20,False,"[191, 511]",[],0,"[2.8535154406685908, 2.0234703639878497, 0.891535811543618]","[-0.18247723727083334, -0.01750435276584221, -0.036721343491656316]","{'type': 'voronoi', 'params': {'Scale': 0.5447987663453995, 'Randomness': 0.9924647200932678}}","{'type': 'voronoi', 'params': {'Scale': 0.7484892692428582, 'Randomness': 0.9100386168039216}}"
45,test_voronoi/superquadric_1/scene_005,23,True,"[262, 182]","((183, 169), (341, 312))",0,"[2.651766530578513, 0.5451224793650694, 1.2925047307058164]","[-0.10504441888536457, 0.0170016408294236, -0.20603606315284723]","{'type': 'voronoi', 'params': {'Scale': 0.40235549084971, 'Randomness': 0.9376916690939745}}","{'type': 'voronoi', 'params': {'Scale': 0.47391447633545075, 'Randomness': 0.9714831277217455}}"
46,test_voronoi/superquadric_1/scene_006,44,True,"[161, 320]","((117, 257), (193, 335))",0,"[2.73309891677117, 3.3343889256793795, 1.4264751343598259]","[-9.137044361742609, -3.005459433740281, -5.754051582728621]","{'type': 'voronoi', 'params': {'Scale': 0.21313756187041033, 'Randomness': 0.9008663909978083}}","{'type': 'voronoi', 'params': {'Scale': 0.38426191203488386, 'Randomness': 0.9547930841288225}}"
47,test_voronoi/superquadric_1/scene_007,21,True,"[80, 322]","((45, 125), (331, 420))",0,"[2.6786608278290758, 1.7669212286920688, 1.0157294068235612]","[-2.8861307912666745, -2.4155189225736566, -2.101467091462384]","{'type': 'voronoi', 'params': {'Scale': 0.8745459646741687, 'Randomness': 0.9472599158904876}}","{'type': 'voronoi', 'params': {'Scale': 0.4289029620473824, 'Randomness': 0.958001391824003}}"
48,test_voronoi/superquadric_1/scene_008,45,True,"[446, 315]","((170, 134), (477, 441))",0,"[0.2266856485632074, 2.428471655461789, 1.1607092278012339]","[0.5116742360151074, 5.073697490473743, -4.894873808494733]","{'type': 'voronoi', 'params': {'Scale': 0.23735581431771324, 'Randomness': 0.9951572186496062}}","{'type': 'voronoi', 'params': {'Scale': 0.7764128469519196, 'Randomness': 0.950012705352576}}"
49,test_voronoi/superquadric_1/scene_009,42,True,"[273, 485]","((0, 135), (328, 511))",0,"[3.0036153733002418, 1.6449221184493412, 1.2750198460986177]","[-0.7223288446226827, -8.212105651396021, -5.171917529973843]","{'type': 'voronoi', 'params': {'Scale': 0.3330562040673932, 'Randomness': 0.9814215687838765}}","{'type': 'voronoi', 'params': {'Scale': 0.42887322874753864, 'Randomness': 0.900920160223324}}"
50,test_voronoi/superquadric_2/scene_000,51,False,"[464, 262]",[],0,"[1.7256675100202707, 2.4775558173166683, 2.959921395397393]","[-3.8243789584773005, -0.11934121575816777, 0.547432126127676]","{'type': 'voronoi', 'params': {'Scale': 0.9874614321318156, 'Randomness': 0.9673968097310007}}","{'type': 'voronoi', 'params': {'Scale': 0.34421384006209854, 'Randomness': 0.9238697896141673}}"
51,test_voronoi/superquadric_2/scene_001,15,False,"[392, 364]",[],0,"[3.018944198770562, 0.9046096458335133, 3.883618837754167]","[-3.760095856801444, 0.21935849295070944, 3.0810600631958063]","{'type': 'voronoi', 'params': {'Scale': 0.504158924457952, 'Randomness': 0.9666608187318717}}","{'type': 'voronoi', 'params': {'Scale': 0.498163094312964, 'Randomness': 0.9823518968127604}}"
52,test_voronoi/superquadric_2/scene_002,61,False,"[480, 424]",[],0,"[0.6184453702451901, 0.9175393882493987, 2.5479784074953993]","[1.736699312941402, -0.4615375268876415, 9.120034303993334]","{'type': 'voronoi', 'params': {'Scale': 0.8578591292260611, 'Randomness': 0.9462181365590737}}","{'type': 'voronoi', 'params': {'Scale': 0.26253166102697423, 'Randomness': 0.983665980549151}}"
53,test_voronoi/superquadric_2/scene_003,62,False,"[138, 8]",[],0,"[1.7229271155218084, 3.5552774146477284, 2.5807328793520687]","[-2.5268829801190624, -4.024588337403199, 3.103950211997968]","{'type': 'voronoi', 'params': {'Scale': 0.4936088708173226, 'Randomness': 0.950623340143609}}","{'type': 'voronoi', 'params': {'Scale': 0.5331661373290869, 'Randomness': 0.9978992455152046}}"
54,test_voronoi/superquadric_2/scene_004,62,False,"[466, 326]",[],0,"[3.778256733125502, 0.5582066020952522, 1.1565686067592735]","[-3.5728057022547794, 0.8151471505906548, -7.790212070509244]","{'type': 'voronoi', 'params': {'Scale': 0.6758675334792703, 'Randomness': 0.9303023023477751}}","{'type': 'voronoi', 'params': {'Scale': 0.6183998233696635, 'Randomness': 0.9759517016714583}}"
55,test_voronoi/superquadric_2/scene_005,11,True,"[348, 201]","((322, 0), (511, 327))",1,"[1.1078645990870744, 2.469573477868706, 1.289309816457544]","[6.907028710944508, 6.487002335942676, 4.612291795048416]","{'type': 'voronoi', 'params': {'Scale': 0.9386632159529054, 'Randomness': 0.9101231458035942}}","{'type': 'voronoi', 'params': {'Scale': 0.5160546668428576, 'Randomness': 0.9832845633241802}}"
56,test_voronoi/superquadric_2/scene_006,30,True,"[259, 248]","((204, 172), (296, 267))",1,"[0.40409570147365625, 2.452733903947315, 3.641065326700679]","[-5.106130413932501, 3.0104493316756495, -1.265710999263903]","{'type': 'voronoi', 'params': {'Scale': 0.575421354847452, 'Randomness': 0.9657752743136658}}","{'type': 'voronoi', 'params': {'Scale': 0.9806564119614738, 'Randomness': 0.9166492334830953}}"
57,test_voronoi/superquadric_2/scene_007,21,True,"[199, 137]","((60, 65), (229, 201))",0,"[3.6602459739638284, 1.7558152029386858, 2.09885610633037]","[-0.3374461968842088, -6.779410807527238, 7.671983590191531]","{'type': 'voronoi', 'params': {'Scale': 0.31438783369316997, 'Randomness': 0.9549669852617323}}","{'type': 'voronoi', 'params': {'Scale': 0.6609671872901282, 'Randomness': 0.9261387805105034}}"
58,test_voronoi/superquadric_2/scene_008,37,True,"[252, 231]","((223, 207), (318, 317))",0,"[2.2913884902138038, 2.337673904767358, 1.258850407521286]","[0.07867137785079475, 0.01017668289777433, -0.8786227134017409]","{'type': 'voronoi', 'params': {'Scale': 0.8616532699859487, 'Randomness': 0.9906708071568063}}","{'type': 'voronoi', 'params': {'Scale': 0.8928653563988569, 'Randomness': 0.9688203155957836}}"
59,test_voronoi/superquadric_2/scene_009,8,True,"[279, 43]","((108, 0), (373, 176))",0,"[2.9580673521028986, 2.693062631032204, 1.733981131924048]","[-7.28782428345541, 2.4310054404954373, 7.656797832110376]","{'type': 'voronoi', 'params': {'Scale': 0.7480070247060455, 'Randomness': 0.9827765749967705}}","{'type': 'voronoi', 'params': {'Scale': 0.79008356634015, 'Randomness': 0.9969155369156512}}"
60,test_voronoi/superquadric_3/scene_000,9,False,"[67, 251]",[],0,"[2.1555184509839402, 0.19135893085098668, 0.14815838072325943]","[6.697804755425997, -4.304658854424344, -4.558641776265025]","{'type': 'voronoi', 'params': {'Scale': 0.7668890514012465, 'Randomness': 0.9165248246744443}}","{'type': 'voronoi', 'params': {'Scale': 0.9900887327908601, 'Randomness': 0.822830444206914}}"
61,test_voronoi/superquadric_3/scene_001,2,False,"[210, 202]",[],0,"[2.679316344905796, 1.620616415781893, 1.2463961663038083]","[-0.2694624035003806, 7.4297688047870265, -1.4471200040069734]","{'type': 'voronoi', 'params': {'Scale': 0.6127489746129093, 'Randomness': 0.9778861872667576}}","{'type': 'voronoi', 'params': {'Scale': 0.4715629752204657, 'Randomness': 0.6827250202007146}}"
62,test_voronoi/superquadric_3/scene_002,45,False,"[41, 436]",[],0,"[1.567079252112454, 1.380305411322491, 0.49361414464526215]","[6.551256856409872, -5.267936383567288, -0.6081203497407541]","{'type': 'voronoi', 'params': {'Scale': 0.9722734614158275, 'Randomness': 0.6623829699766762}}","{'type': 'voronoi', 'params': {'Scale': 0.5224414446027787, 'Randomness': 0.7414598365101334}}"
63,test_voronoi/superquadric_3/scene_003,19,False,"[289, 446]",[],0,"[2.7440392674027922, 3.435397345169215, 0.5099867679907294]","[7.306574939878779, -4.193082671068814, 6.0256139244757225]","{'type': 'voronoi', 'params': {'Scale': 0.7069693658961673, 'Randomness': 0.8065667919550479}}","{'type': 'voronoi', 'params': {'Scale': 0.2773631840100653, 'Randomness': 0.9652903176633821}}"
64,test_voronoi/superquadric_3/scene_004,22,False,"[17, 313]",[],0,"[2.5667420185247165, 3.8930698762885876, 3.009136377630678]","[-2.4531677499492366, 7.697010838008898, 4.817675428417483]","{'type': 'voronoi', 'params': {'Scale': 0.7051026164355372, 'Randomness': 0.7097357024446418}}","{'type': 'voronoi', 'params': {'Scale': 0.8973117614170338, 'Randomness': 0.9006433983182662}}"
65,test_voronoi/superquadric_3/scene_005,41,True,"[19, 138]","((0, 74), (40, 166))",2,"[3.430941811605383, 3.831720114655174, 3.488499870664059]","[-4.94401685740685, -16.17254649809858, 7.164789726755331]","{'type': 'voronoi', 'params': {'Scale': 0.578053236258729, 'Randomness': 0.9101772824490706}}","{'type': 'voronoi', 'params': {'Scale': 0.5762444749631885, 'Randomness': 0.6913455172669942}}"
66,test_voronoi/superquadric_3/scene_006,13,True,"[490, 204]","((401, 139), (507, 236))",1,"[1.0653755746605174, 3.24745305468927, 2.6959126263525177]","[6.534830695333342, 9.03564226717127, 1.876148634834591]","{'type': 'voronoi', 'params': {'Scale': 0.49724172289127905, 'Randomness': 0.6900060612534273}}","{'type': 'voronoi', 'params': {'Scale': 0.7282068445758478, 'Randomness': 0.8330214098137673}}"
67,test_voronoi/superquadric_3/scene_007,36,True,"[207, 313]","((52, 132), (357, 426))",0,"[0.3092720237254581, 0.5584435850187245, 1.0073750218317454]","[-3.9931608442697204, -0.7577563296604176, -3.845125493458648]","{'type': 'voronoi', 'params': {'Scale': 0.6427338386435922, 'Randomness': 0.6028576003920864}}","{'type': 'voronoi', 'params': {'Scale': 0.8027457790074113, 'Randomness': 0.6248594728377889}}"
68,test_voronoi/superquadric_3/scene_008,4,True,"[168, 187]","((153, 181), (170, 193))",0,"[2.882414734852227, 2.692186665326446, 1.2929612744917418]","[-3.8961966269996116, -1.7762235157968975, 2.5198649171749556]","{'type': 'voronoi', 'params': {'Scale': 0.3186835393143123, 'Randomness': 0.6450626661041234}}","{'type': 'voronoi', 'params': {'Scale': 0.4536296200278768, 'Randomness': 0.6920783885457509}}"
69,test_voronoi/superquadric_3/scene_009,60,True,"[250, 235]","((213, 154), (508, 355))",2,"[2.499996049576071, 0.4021071530997927, 3.5642904633763886]","[0.31353825354218223, 9.630800612627969, -1.9913305680117317]","{'type': 'voronoi', 'params': {'Scale': 0.21222406123573567, 'Randomness': 0.8282899991624656}}","{'type': 'voronoi', 'params': {'Scale': 0.36805478232577027, 'Randomness': 0.6607261550527713}}"
70,test_voronoi/superquadric_4/scene_000,63,False,"[247, 273]",[],0,"[2.0449795777368096, 3.2454688581457707, 3.662868900091847]","[10.1276159286499, 0.038740284740923885, 7.839485645294191]","{'type': 'voronoi', 'params': {'Scale': 0.23556712666489077, 'Randomness': 0.9875315050806694}}","{'type': 'voronoi', 'params': {'Scale': 0.5305502962563076, 'Randomness': 0.9246558581207938}}"
71,test_voronoi/superquadric_4/scene_001,57,False,"[58, 297]",[],0,"[1.6218530256751091, 3.6932530963658023, 1.024428826257203]","[-3.4467425511636622, 2.2564285563937303, 8.37965405800768]","{'type': 'voronoi', 'params': {'Scale': 0.32183598376500444, 'Randomness': 0.9142723345609787}}","{'type': 'voronoi', 'params': {'Scale': 0.5046712519484355, 'Randomness': 0.9191070260792241}}"
72,test_voronoi/superquadric_4/scene_002,6,False,"[443, 371]",[],0,"[3.536727230936218, 1.6865662536356436, 0.5998352290171564]","[-6.814088102219583, -2.9634959102606246, -0.29168537132628153]","{'type': 'voronoi', 'params': {'Scale': 0.5071483240274299, 'Randomness': 0.9825036737822074}}","{'type': 'voronoi', 'params': {'Scale': 0.6062379114454026, 'Randomness': 0.9705444931667139}}"
73,test_voronoi/superquadric_4/scene_003,29,False,"[211, 45]",[],0,"[3.890402840966229, 2.511088496720158, 0.3007233295724615]","[8.120222435375833, 6.6818608521073966, 2.0712287109933323]","{'type': 'voronoi', 'params': {'Scale': 0.6824163192352871, 'Randomness': 0.9838636401093455}}","{'type': 'voronoi', 'params': {'Scale': 0.923945204082379, 'Randomness': 0.9976983465759824}}"
74,test_voronoi/superquadric_4/scene_004,3,False,"[147, 504]",[],0,"[2.4596957198050498, 1.7910258830278214, 2.7787356704338513]","[1.3813538885507235, -5.9980575525973485, -5.472256624965347]","{'type': 'voronoi', 'params': {'Scale': 0.4427585819111949, 'Randomness': 0.9705401558384674}}","{'type': 'voronoi', 'params': {'Scale': 0.44529517679751135, 'Randomness': 0.9949805507868232}}"
75,test_voronoi/superquadric_4/scene_005,33,True,"[6, 362]","((0, 270), (90, 386))",3,"[0.5636892667055028, 2.8163380868512498, 0.3502912887028731]","[-1.3558140350803323, -11.934495070154208, -1.3993076459664469]","{'type': 'voronoi', 'params': {'Scale': 0.7268356494319175, 'Randomness': 0.940870897824219}}","{'type': 'voronoi', 'params': {'Scale': 0.7936524188228755, 'Randomness': 0.9680195364148072}}"
76,test_voronoi/superquadric_4/scene_006,48,True,"[288, 201]","((284, 140), (363, 228))",0,"[1.9773025093943581, 0.9681028147448756, 0.6625046580537142]","[0.726510375687223, 3.2932343426151776, 3.136419409865019]","{'type': 'voronoi', 'params': {'Scale': 0.3008669331806722, 'Randomness': 0.9250909000738976}}","{'type': 'voronoi', 'params': {'Scale': 0.4758937438735671, 'Randomness': 0.9966640307314691}}"
77,test_voronoi/superquadric_4/scene_007,50,True,"[295, 240]","((278, 216), (333, 270))",1,"[1.1368421319644932, 2.314843058232387, 0.7335844797205436]","[-7.239123617885724, 12.445498031230244, -5.6517813265394246]","{'type': 'voronoi', 'params': {'Scale': 0.5914586447301886, 'Randomness': 0.9209084629565157}}","{'type': 'voronoi', 'params': {'Scale': 0.7822894949103352, 'Randomness': 0.9027061228412849}}"
78,test_voronoi/superquadric_4/scene_008,3,True,"[181, 340]","((41, 168), (321, 349))",0,"[3.6031755989233583, 1.4894056043059263, 3.1848540239722847]","[-0.17444718037806412, -5.212498354791577, 1.821561408895405]","{'type': 'voronoi', 'params': {'Scale': 0.790388823553783, 'Randomness': 0.9786012728117588}}","{'type': 'voronoi', 'params': {'Scale': 0.27081799443671256, 'Randomness': 0.9531457391819613}}"
79,test_voronoi/superquadric_4/scene_009,18,True,"[305, 193]","((287, 97), (412, 227))",1,"[2.500261293240165, 0.8488881189977486, 0.8042926687437834]","[-10.512009054789685, -18.31316931993207, -3.982877703486023]","{'type': 'voronoi', 'params': {'Scale': 0.5399904825027037, 'Randomness': 0.9368843171362374}}","{'type': 'voronoi', 'params': {'Scale': 0.8799179154460044, 'Randomness': 0.9182087117333216}}"
80,test_noise/superquadric_1/scene_000,6,False,"[366, 252]",[],0,"[3.0662791681370964, 0.2826298841035663, 2.21477092523092]","[2.383077252088346, -3.2188774822963726, 3.8179553296858186]","{'type': 'noise', 'params': {'Scale': 0.587199144306641, 'Detail': 1.6277814330407194, 'Roughness': 0.410155365546642, 'Distortion': 1.9807224771807908}}","{'type': 'noise', 'params': {'Scale': 0.9432979207891321, 'Detail': 1.217264167601355, 'Roughness': 0.9873931731742862, 'Distortion': 2.3350720371962823}}"
81,test_noise/superquadric_1/scene_001,9,False,"[140, 356]",[],0,"[2.718589307075205, 3.707319369825175, 2.6267838224265283]","[-7.528120263105951, 8.806251169494088, 4.097895197699119]","{'type': 'noise', 'params': {'Scale': 0.2847823700674793, 'Detail': 1.1914943204827384, 'Roughness': 0.30275024037911236, 'Distortion': 1.391020847874921}}","{'type': 'noise', 'params': {'Scale': 0.4578763695409044, 'Detail': 1.5720238090689163, 'Roughness': 0.5722882884252116, 'Distortion': 1.741056200959113}}"
82,test_noise/superquadric_1/scene_002,1,False,"[73, 265]",[],0,"[3.9262486833061194, 3.778385312446094, 2.095777238543385]","[5.8159027058233415, 9.119970477861525, 9.49814720297235]","{'type': 'noise', 'params': {'Scale': 0.6840109616923802, 'Detail': 1.2917203741349084, 'Roughness': 0.2610175438576368, 'Distortion': 2.9229865295423085}}","{'type': 'noise', 'params': {'Scale': 0.6450945220572885, 'Detail': 1.530502819086923, 'Roughness': 0.8905608387359085, 'Distortion': 2.779679175075468}}"
83,test_noise/superquadric_1/scene_003,20,False,"[120, 273]",[],0,"[0.32973795721888843, 1.6463421195150914, 3.130898831854604]","[-6.708019907560228, -5.602774028282903, 3.5523795723280633]","{'type': 'noise', 'params': {'Scale': 0.9631257264690756, 'Detail': 1.286257056244968, 'Roughness': 0.3448860862683919, 'Distortion': 0.7194719527739752}}","{'type': 'noise', 'params': {'Scale': 0.8565880694553176, 'Detail': 1.863876723465891, 'Roughness': 0.31526282008682704, 'Distortion': 2.991246213381383}}"
84,test_noise/superquadric_1/scene_004,47,False,"[505, 79]",[],0,"[0.02014641370418551, 2.457067680394455, 1.3954683731396214]","[-9.179764244362655, -5.945894551081354, 0.9293883879586025]","{'type': 'noise', 'params': {'Scale': 0.6648849492139123, 'Detail': 1.4631590247909667, 'Roughness': 0.5539979196168596, 'Distortion': 0.6010553105525887}}","{'type': 'noise', 'params': {'Scale': 0.9276509698516184, 'Detail': 1.0023080050965554, 'Roughness': 0.49533990273854855, 'Distortion': 3.976339710488901}}"
85,test_noise/superquadric_1/scene_005,10,True,"[144, 106]","((85, 78), (203, 174))",0,"[3.8708489613287598, 0.0408898470051349, 0.633744551788646]","[-11.426162695418526, 1.0367064239250483, 5.419303400221414]","{'type': 'noise', 'params': {'Scale': 0.5384955724730156, 'Detail': 1.4695277372060054, 'Roughness': 0.8160887452013024, 'Distortion': 3.616705470880866}}","{'type': 'noise', 'params': {'Scale': 0.5622179559128232, 'Detail': 1.472130476568616, 'Roughness': 0.6872848892386303, 'Distortion': 3.4837703143332295}}"
86,test_noise/superquadric_1/scene_006,27,True,"[292, 268]","((196, 164), (344, 318))",0,"[0.8250336127448669, 3.800412877890406, 0.976961379827337]","[0.5834666003623312, -0.2844128865513664, 0.48630877826568064]","{'type': 'noise', 'params': {'Scale': 0.9933324016710946, 'Detail': 1.2878798544937757, 'Roughness': 0.7767385557925321, 'Distortion': 1.7524591756945787}}","{'type': 'noise', 'params': {'Scale': 0.8432196264125992, 'Detail': 1.9257294681962387, 'Roughness': 0.7388564740498755, 'Distortion': 2.965226791757046}}"
87,test_noise/superquadric_1/scene_007,26,True,"[355, 297]","((125, 198), (414, 378))",0,"[0.30652883261188063, 3.0694111376579145, 2.6979538346380454]","[-4.860195676378633, 5.343079973131436, -7.465578137335124]","{'type': 'noise', 'params': {'Scale': 0.6535146796403198, 'Detail': 1.175876523030622, 'Roughness': 0.48353639951818883, 'Distortion': 0.5302232344068318}}","{'type': 'noise', 'params': {'Scale': 0.3528389790297959, 'Detail': 1.5984077984195377, 'Roughness': 0.5396966548533595, 'Distortion': 1.7957561265330777}}"
88,test_noise/superquadric_1/scene_008,63,True,"[387, 417]","((63, 220), (408, 446))",0,"[2.010011322835969, 1.3931874869136065, 0.8923790850943205]","[-3.343713283538817, 0.650710523128509, -6.252632141113282]","{'type': 'noise', 'params': {'Scale': 0.44820362663151814, 'Detail': 1.2050987201984207, 'Roughness': 0.4237470473107962, 'Distortion': 1.3757182001001225}}","{'type': 'noise', 'params': {'Scale': 0.7847564354746827, 'Detail': 1.364180880966703, 'Roughness': 0.7977049054273222, 'Distortion': 2.893889512321658}}"
89,test_noise/superquadric_1/scene_009,23,True,"[275, 230]","((245, 179), (332, 266))",0,"[2.293152347866957, 1.6189729783062412, 0.018578489840401356]","[-4.546446702355735, 7.571985828658418, -2.9427835953679615]","{'type': 'noise', 'params': {'Scale': 0.26441202594639296, 'Detail': 1.311384352375024, 'Roughness': 0.5471907123070507, 'Distortion': 0.8275932682337954}}","{'type': 'noise', 'params': {'Scale': 0.34113747504782566, 'Detail': 1.4613352713315988, 'Roughness': 0.3288855149708739, 'Distortion': 0.8156213460055262}}"
90,test_noise/superquadric_2/scene_000,58,False,"[40, 269]",[],0,"[0.055658030558150245, 2.0650903576185833, 2.9391195111281445]","[-4.466917040422579, -0.02202227638686954, 2.6162590646315977]","{'type': 'noise', 'params': {'Scale': 0.6163428155095336, 'Detail': 1.5434622497682544, 'Roughness': 0.32996449832912267, 'Distortion': 2.054188651205763}}","{'type': 'noise', 'params': {'Scale': 0.4897984733377867, 'Detail': 1.3147680156862176, 'Roughness': 0.5290539465020745, 'Distortion': 1.5598882789975521}}"
91,test_noise/superquadric_2/scene_001,12,False,"[296, 506]",[],0,"[0.9965467008303481, 0.39669571004100157, 1.9560844091385408]","[-2.439456383362409, 3.638902991719415, 2.475518775495237]","{'type': 'noise', 'params': {'Scale': 0.26474776239075, 'Detail': 1.6447975156187613, 'Roughness': 0.28521761066741536, 'Distortion': 2.546077655132037}}","{'type': 'noise', 'params': {'Scale': 0.8452025321954831, 'Detail': 1.6279828388309965, 'Roughness': 0.9516015406148157, 'Distortion': 3.2803900074212518}}"
92,test_noise/superquadric_2/scene_002,55,False,"[72, 295]",[],0,"[2.521703448047901, 0.6176561684008868, 2.136547465478025]","[1.3901501635523639, 4.421283469570085, 5.308206217295511]","{'type': 'noise', 'params': {'Scale': 0.44218174370526336, 'Detail': 1.8632868650272947, 'Roughness': 0.8050585536621719, 'Distortion': 2.971781486403588}}","{'type': 'noise', 'params': {'Scale': 0.8219905607757605, 'Detail': 1.344645335735243, 'Roughness': 0.7679635144229664, 'Distortion': 1.6039928274472348}}"
93,test_noise/superquadric_2/scene_003,13,False,"[36, 413]",[],0,"[2.000360263040849, 2.914057134637312, 1.8360667138172049]","[-1.437172922516784, -0.8523242579596851, -8.77737439044818]","{'type': 'noise', 'params': {'Scale': 0.4427059690522036, 'Detail': 1.2352907220643299, 'Roughness': 0.9563662147586245, 'Distortion': 0.33955235712738363}}","{'type': 'noise', 'params': {'Scale': 0.8711466186578495, 'Detail': 1.8786703427998488, 'Roughness': 0.46232421044759864, 'Distortion': 0.8728348666988115}}"
94,test_noise/superquadric_2/scene_004,46,False,"[216, 79]",[],0,"[1.4550690536044975, 1.9212077056291914, 0.05375841250665275]","[0.30047275849843147, 7.425492611334014, 2.911981802775909]","{'type': 'noise', 'params': {'Scale': 0.29187587936907433, 'Detail': 1.5561217134173813, 'Roughness': 0.6246717489079342, 'Distortion': 1.9331461244059458}}","{'type': 'noise', 'params': {'Scale': 0.9009121151872104, 'Detail': 1.8217373572562947, 'Roughness': 0.22834877210158278, 'Distortion': 2.8932119294882988}}"
95,test_noise/superquadric_2/scene_005,20,True,"[112, 14]","((0, 0), (182, 70))",1,"[1.775797625321589, 1.9603107909983561, 3.5469541643370137]","[-3.686881646786703, -3.7748141995141835, 18.126233836809558]","{'type': 'noise', 'params': {'Scale': 0.5244173390569196, 'Detail': 1.3269618133439758, 'Roughness': 0.21067267395681563, 'Distortion': 1.244096864142825}}","{'type': 'noise', 'params': {'Scale': 0.6580054196705776, 'Detail': 1.5403286792942374, 'Roughness': 0.7336354771049092, 'Distortion': 2.9254996266624476}}"
96,test_noise/superquadric_2/scene_006,46,True,"[74, 91]","((21, 43), (136, 154))",1,"[3.0333606664968396, 2.6834940823681257, 2.6150431142365806]","[-10.363635733272192, -4.53078354900164, 7.7170486884074245]","{'type': 'noise', 'params': {'Scale': 0.6597967215523668, 'Detail': 1.4022704597177496, 'Roughness': 0.7573424122207624, 'Distortion': 0.5145969349016413}}","{'type': 'noise', 'params': {'Scale': 0.37741333802741206, 'Detail': 1.4442053634306653, 'Roughness': 0.6968942645117308, 'Distortion': 0.814315587721254}}"
97,test_noise/superquadric_2/scene_007,13,True,"[393, 297]","((369, 266), (445, 347))",1,"[2.487693776603088, 2.254419526220516, 0.030910681000276545]","[1.3564529024863776, 12.036934431673778, -7.542191819751105]","{'type': 'noise', 'params': {'Scale': 0.34400778370928486, 'Detail': 1.6139274094098117, 'Roughness': 0.38602205246598464, 'Distortion': 2.517607159934846}}","{'type': 'noise', 'params': {'Scale': 0.446083129717045, 'Detail': 1.2366282574044207, 'Roughness': 0.9778781507914267, 'Distortion': 2.264975790662679}}"
98,test_noise/superquadric_2/scene_008,6,True,"[338, 253]","((250, 192), (357, 302))",0,"[2.887851338420562, 1.1129089792505122, 3.6985405220257306]","[1.5614337566429928, 0.7426597287797138, -0.1472040463219624]","{'type': 'noise', 'params': {'Scale': 0.7436596204826231, 'Detail': 1.8456299229491553, 'Roughness': 0.546494657013168, 'Distortion': 3.935266372763223}}","{'type': 'noise', 'params': {'Scale': 0.47887480613457273, 'Detail': 1.1064880325739885, 'Roughness': 0.3610721961676526, 'Distortion': 0.5566290728165797}}"
99,test_noise/superquadric_2/scene_009,26,True,"[304, 229]","((294, 188), (367, 254))",0,"[3.2112877224906744, 2.393857541769124, 3.7437539877757033]","[-2.99532431910169, 10.991820408591058, -2.1401782482653586]","{'type': 'noise', 'params': {'Scale': 0.5928709118241623, 'Detail': 1.5397525546882713, 'Roughness': 0.963486107269022, 'Distortion': 2.320132080362634}}","{'type': 'noise', 'params': {'Scale': 0.546385141312632, 'Detail': 1.372227185375693, 'Roughness': 0.8503371134810835, 'Distortion': 2.562454605859876}}"
100,test_noise/superquadric_3/scene_000,42,False,"[95, 416]",[],0,"[2.4532924204690327, 0.5230436539214742, 3.683278195115524]","[2.131909364663615, 8.43272301802027, -1.8926404929943974]","{'type': 'noise', 'params': {'Scale': 0.7097772468778725, 'Detail': 1.5654657787240804, 'Roughness': 0.2328101322817429, 'Distortion': 2.4423458246294487}}","{'type': 'noise', 'params': {'Scale': 0.6841272288740471, 'Detail': 1.139024730251379, 'Roughness': 0.7184329062640646, 'Distortion': 2.7777876075279915}}"
101,test_noise/superquadric_3/scene_001,12,False,"[391, 36]",[],0,"[1.2218443982753693, 2.91580760109133, 0.6645791985246395]","[-10.86177663869811, -16.882699685499123, 0.6404861466073635]","{'type': 'noise', 'params': {'Scale': 0.5430772363669976, 'Detail': 1.3257858409644268, 'Roughness': 0.3854561793641111, 'Distortion': 1.6225132870519683}}","{'type': 'noise', 'params': {'Scale': 0.8071404517615453, 'Detail': 1.7734319119723247, 'Roughness': 0.9419681869831515, 'Distortion': 3.685589487585652}}"
102,test_noise/superquadric_3/scene_002,17,False,"[483, 198]",[],0,"[2.75639527341836, 3.1953984145548127, 1.088229076117321]","[1.2377571490297201, 5.247399309584445, 5.730123744642908]","{'type': 'noise', 'params': {'Scale': 0.46549151854739257, 'Detail': 1.917901360508571, 'Roughness': 0.44619371332793656, 'Distortion': 2.053665652924706}}","{'type': 'noise', 'params': {'Scale': 0.7564503136721429, 'Detail': 1.9408669405626005, 'Roughness': 0.5599994712776106, 'Distortion': 3.843098509621816}}"
103,test_noise/superquadric_3/scene_003,9,False,"[4, 225]",[],0,"[0.45632596703071054, 1.3741999510549738, 1.0065965373966221]","[-7.236671626726494, 6.237318109749401, -8.108668197223606]","{'type': 'noise', 'params': {'Scale': 0.8668988929373537, 'Detail': 1.8674843789875397, 'Roughness': 0.6013409775534311, 'Distortion': 0.7105615345621925}}","{'type': 'noise', 'params': {'Scale': 0.8351212830052813, 'Detail': 1.0813967652492407, 'Roughness': 0.5345892142256712, 'Distortion': 3.0051518210200387}}"
104,test_noise/superquadric_3/scene_004,3,False,"[71, 22]",[],0,"[1.0888143568462525, 1.0119349061574168, 1.3283667911697636]","[3.167596873195284, 1.5635750573889626, 4.182290561306798]","{'type': 'noise', 'params': {'Scale': 0.3384505061301767, 'Detail': 1.9260759341761033, 'Roughness': 0.6872530867676303, 'Distortion': 1.5185777276088406}}","{'type': 'noise', 'params': {'Scale': 0.9489952598199751, 'Detail': 1.0955401992827856, 'Roughness': 0.9856392316608027, 'Distortion': 3.8867968399424946}}"
105,test_noise/superquadric_3/scene_005,8,True,"[57, 283]","((0, 0), (333, 290))",0,"[0.44994968864959933, 0.4860281968779883, 2.4180683102767317]","[-2.3235572601324126, -6.717165440955806, 4.166361069790141]","{'type': 'noise', 'params': {'Scale': 0.8254194945286422, 'Detail': 1.1789045397684133, 'Roughness': 0.652264430087778, 'Distortion': 3.483755288689675}}","{'type': 'noise', 'params': {'Scale': 0.9468194045809215, 'Detail': 1.6512683966679051, 'Roughness': 0.4803832741019304, 'Distortion': 3.638728134964083}}"
106,test_noise/superquadric_3/scene_006,61,True,"[209, 67]","((132, 24), (224, 127))",2,"[3.3212132090701783, 2.869275430704073, 2.0674887444639722]","[-5.8651883982804245, -1.9853331041499278, 7.977873492327741]","{'type': 'noise', 'params': {'Scale': 0.9126067060755167, 'Detail': 1.410477523257466, 'Roughness': 0.23797811156011717, 'Distortion': 1.3146131226712894}}","{'type': 'noise', 'params': {'Scale': 0.7077214806924719, 'Detail': 1.8690909725815505, 'Roughness': 0.46843645874324413, 'Distortion': 3.6019899772255854}}"
107,test_noise/superquadric_3/scene_007,42,True,"[425, 119]","((293, 21), (510, 368))",2,"[3.1437782680617903, 0.36051081847814676, 2.442735609117013]","[0.041487761235017906, 6.8105390777790795, 0.9923884050554297]","{'type': 'noise', 'params': {'Scale': 0.4637965108394068, 'Detail': 1.195468610966357, 'Roughness': 0.6658451991592652, 'Distortion': 3.013136778650703}}","{'type': 'noise', 'params': {'Scale': 0.2658071666570563, 'Detail': 1.407957873764607, 'Roughness': 0.28656099807578816, 'Distortion': 0.8454241396203297}}"
108,test_noise/superquadric_3/scene_008,58,True,"[42, 468]","((0, 449), (130, 511))",0,"[1.189755852312403, 0.11302585837607593, 1.0249959318266686]","[1.844330760343248, -16.243688451002285, -5.311033363528479]","{'type': 'noise', 'params': {'Scale': 0.9045338128517939, 'Detail': 1.7033732747566641, 'Roughness': 0.90139039560422, 'Distortion': 3.3134590583102717}}","{'type': 'noise', 'params': {'Scale': 0.4402165683792401, 'Detail': 1.1077017495643677, 'Roughness': 0.4538159797362562, 'Distortion': 1.3108827758821993}}"
109,test_noise/superquadric_3/scene_009,20,True,"[427, 188]","((50, 0), (438, 417))",0,"[0.7134436231430188, 1.3052778394422295, 3.346637503743949]","[4.534361159261172, -3.395092860628886, 5.568923726235398]","{'type': 'noise', 'params': {'Scale': 0.5986499009603988, 'Detail': 1.190543739937787, 'Roughness': 0.7928837723665849, 'Distortion': 0.4800272829386726}}","{'type': 'noise', 'params': {'Scale': 0.833853305687247, 'Detail': 1.3279872294771686, 'Roughness': 0.9078354564929001, 'Distortion': 0.844221488639888}}"
110,test_noise/superquadric_4/scene_000,45,False,"[106, 81]",[],0,"[3.805415008780711, 0.8644649724064168, 2.9796327629597674]","[0.9922052356845199, -7.765402967794077, 1.336098800393557]","{'type': 'voronoi', 'params': {'Scale': 0.981368244303993, 'Randomness': 0.7180867774999903}}","{'type': 'voronoi', 'params': {'Scale': 0.49145527515842063, 'Randomness': 0.6691448478280803}}"
111,test_noise/superquadric_4/scene_001,9,False,"[457, 80]",[],0,"[0.809186889298783, 1.2291891753696826, 0.3412881710196054]","[-1.1735465739275739, 1.2824772830524536, 2.5063465418960553]","{'type': 'voronoi', 'params': {'Scale': 0.27906080261285426, 'Randomness': 0.722827312835147}}","{'type': 'voronoi', 'params': {'Scale': 0.5903111756052466, 'Randomness': 0.9388521788747624}}"
112,test_noise/superquadric_4/scene_002,32,False,"[112, 479]",[],0,"[0.13739514410063158, 2.811128977763976, 1.2392019531292318]","[-9.068152322922959, -2.244725628104992, -2.133588500561456]","{'type': 'voronoi', 'params': {'Scale': 0.753009133523515, 'Randomness': 0.8007894835402616}}","{'type': 'voronoi', 'params': {'Scale': 0.52241936771604, 'Randomness': 0.9437884729553423}}"
113,test_noise/superquadric_4/scene_003,60,False,"[302, 18]",[],0,"[0.2647013628121499, 1.095775937421912, 0.4037432917441126]","[-1.111197140473226, 0.2857815843710816, -8.283646472535166]","{'type': 'voronoi', 'params': {'Scale': 0.29165577383877017, 'Randomness': 0.7728889052246418}}","{'type': 'voronoi', 'params': {'Scale': 0.8233588717473117, 'Randomness': 0.6652220772850461}}"
114,test_noise/superquadric_4/scene_004,38,False,"[498, 189]",[],0,"[0.030201604165053332, 3.4126664739743564, 0.3688168496975332]","[-2.0631730196745313, 1.2035425179441894, 3.2319157383891]","{'type': 'voronoi', 'params': {'Scale': 0.8650315517280796, 'Randomness': 0.7350716554325644}}","{'type': 'voronoi', 'params': {'Scale': 0.5161000902022426, 'Randomness': 0.9204278788187653}}"
115,test_noise/superquadric_4/scene_005,7,True,"[344, 400]","((197, 322), (364, 499))",0,"[2.927772712552237, 3.554059799673507, 1.9440847490954178]","[3.057032357024635, -2.540438426845557, -7.94396099379983]","{'type': 'voronoi', 'params': {'Scale': 0.9198620473979024, 'Randomness': 0.8341807353457737}}","{'type': 'voronoi', 'params': {'Scale': 0.8466460648352896, 'Randomness': 0.8723884188169039}}"
116,test_noise/superquadric_4/scene_006,49,True,"[139, 360]","((79, 332), (160, 413))",2,"[0.9131221070887654, 0.3711755809923359, 2.164751098960945]","[-6.230505634346845, -6.241476792278173, -8.462867430695582]","{'type': 'voronoi', 'params': {'Scale': 0.33611935943880333, 'Randomness': 0.9733641292738996}}","{'type': 'voronoi', 'params': {'Scale': 0.8185246936390593, 'Randomness': 0.8300023733690944}}"
117,test_noise/superquadric_4/scene_007,52,True,"[184, 264]","((92, 212), (198, 309))",2,"[2.3582533171741975, 2.499737391457576, 3.2154714789705254]","[5.364491246751216, -9.654751309730138, 4.543386218016316]","{'type': 'voronoi', 'params': {'Scale': 0.9207864469006755, 'Randomness': 0.8611556155975946}}","{'type': 'voronoi', 'params': {'Scale': 0.6836032417944883, 'Randomness': 0.9921713876167152}}"
118,test_noise/superquadric_4/scene_008,24,True,"[376, 182]","((270, 128), (439, 305))",0,"[0.07322669405962053, 2.200452594970351, 3.461370188946193]","[-0.9206142393167746, 7.986661992760606, -1.4265484763248102]","{'type': 'voronoi', 'params': {'Scale': 0.3452623309000028, 'Randomness': 0.6526290418889937}}","{'type': 'voronoi', 'params': {'Scale': 0.8036576035843923, 'Randomness': 0.7410930369422513}}"
119,test_noise/superquadric_4/scene_009,11,True,"[355, 245]","((319, 207), (376, 253))",1,"[3.973098830895203, 0.25187260281019924, 1.872535106864203]","[1.786454073769087, 5.397735497545235, -0.07694618473793473]","{'type': 'voronoi', 'params': {'Scale': 0.43157900153959017, 'Randomness': 0.6807434639642092}}","{'type': 'voronoi', 'params': {'Scale': 0.42297593835244385, 'Randomness': 0.878050578265118}}"
